{
  "nodes": [
    {
      "id": "http://example.org/connectedTo",
      "label": "connectedTo"
    },
    {
      "id": "http://www.w3.org/1999/02/22-rdf-syntax-ns#Property",
      "label": "22-rdf-syntax-ns#Property"
    },
    {
      "id": "http://example.org/Winterthur",
      "label": "Winterthur"
    },
    {
      "id": "http://example.org/WinterthurCentral",
      "label": "WinterthurCentral"
    },
    {
      "id": "http://example.org/hasStation",
      "label": "hasStation"
    },
    {
      "id": "http://example.org/servedBy",
      "label": "servedBy"
    },
    {
      "id": "http://example.org/Station",
      "label": "Station"
    },
    {
      "id": "http://example.org/LineS6",
      "label": "LineS6"
    },
    {
      "id": "http://example.org/TransportLine",
      "label": "TransportLine"
    },
    {
      "id": "http://example.org/Zurich",
      "label": "Zurich"
    },
    {
      "id": "http://example.org/City",
      "label": "City"
    }
  ],
  "edges": [
    {
      "source": "http://example.org/Zurich",
      "target": "http://example.org/Winterthur",
      "label": "Winterthur"
    }
  ]
}